id,text_clean
Preambuła,©kancelaria kwietnia trosce byt przyszłość naszej ojczyzny odzyskawszy możliwość suwerennego demokratycznego stanowienia losie naród obywatel zarówno wierzący boga będącego źródłem prawdy sprawiedliwości dobra piękna nie podzielający wiary uniwersalne wartości wywodzący źródeł rownosc prawo powinnościach wobec dobra wspólnego wdzięczni naszym przodkom pracę walkę niepodległość okupioną ogromnymi ofiarami kulturę zakorzenioną chrześcijańskim dziedzictwie narodu ogólnoludzkich wartościach nawiązując najlepszych tradycji pierwszej drugiej obowiazany przekazać przyszłym pokoleniom cenne tysiącletniego dorobku złączeni więzami wspólnoty naszymi rodakami rozsianymi świecie świadomi potrzeby współpracy wszystkimi krajami dobra rodziny czlowiek pomni gorzkich doświadczeń czasów podstawowe wolnosc prawo czlowiek naszej ojczyźnie łamane pragnąc zagwarantować prawo obywatel działaniu instytucji publicznych zapewnić rzetelność sprawność poczuciu odpowiedzialnosc bogiem własnym sumieniem ustanawiamy konstytucję prawo podstawowe panstwo ©kancelaria oparte poszanowaniu wolnosc sprawiedliwości współdziałaniu władz dialogu społecznym zasadzie pomocniczości umacniającej moze obywatel wspólnot dobra trzeciej konstytucję stosowali wzywamy czynili dbając zachowanie przyrodzonej godnosc czlowiek prawo wolnosc obowiazek solidarności innymi poszanowanie zasad mieli niewzruszoną podstawę rozdział rzeczpospolita
Art. 1.,rzeczpospolita dobrem wspólnym obywatel
Art. 2.,rzeczpospolita demokratycznym panstwo prawo urzeczywistniającym zasady sprawiedliwości społecznej
Art. 3.,rzeczpospolita panstwo jednolitym
Art. 4.,władza zwierzchnia należy narodu naród sprawuje władzę swoich przedstawicieli bezpośrednio
Art. 5.,rzeczpospolita strzeże niepodległości nienaruszalności swojego terytorium zapewnia wolnosc prawo czlowiek obywatel bezpieczeństwo obywatel strzeże dziedzictwa narodowego zapewnia ochronę środowiska kierując zasadą zrównoważonego rozwoju
Art. 6.,rzeczpospolita stwarza warunki upowszechniania rownosc dostępu dóbr kultury będącej źródłem tożsamości narodu polskiego trwania rozwoju rzeczpospolita udziela pomocy polakom zamieszkałym granicą zachowaniu związków narodowym dziedzictwem kulturalnym
Art. 7.,organy władzy publicznej działają granicach prawo
Art. 8.,najwyższym prawo ©kancelaria przepisy konstytucji stosuje bezpośrednio chyba stanowi inaczej
Art. 9.,rzeczpospolita przestrzega wiążącego prawo międzynarodowego
Art. 10.,ustrój opiera podziale równowadze władzy ustawodawczej władzy wykonawczej władzy sądowniczej władzę ustawodawczą sprawują sejm senat władzę wykonawczą prezydent rada ministrów władzę sądowniczą sad trybunal
Art. 11.,rzeczpospolita zapewnia wolnosc tworzenia działania partii politycznych partie polityczne zrzeszają zasadach dobrowolności rownosc obywatel polskich celu wpływania metodami demokratycznymi kształtowanie polityki panstwo finansowanie partii politycznych jawne
Art. 12.,rzeczpospolita zapewnia wolnosc tworzenia działania związków zawodowych organizacji społecznozawodowych rolników stowarzyszeń ruchów obywatel dobrowolnych zrzeszeń fundacji
Art. 13.,zakaz istnienie partii politycznych organizacji odwołujących swoich programach totalitarnych metod praktyk działania nazizmu faszyzmu komunizmu program działalność zakłada dopuszcza nienawiść rasową narodowościową stosowanie przemocy celu zdobycia władzy wpływu politykę panstwo przewiduje utajnienie struktur członkostwa
Art. 14.,rzeczpospolita zapewnia wolnosc prasy środków społecznego przekazu
Art. 15.,ustrój terytorialny zapewnia decentralizację władzy publicznej zasadniczy podział terytorialny panstwo uwzględniający więzi społeczne gospodarcze kulturowe zapewniający jednostkom terytorialnym zdolność wykonywania zadań publicznych określa ustawa ©kancelaria
Art. 16.,ogół mieszkańców jednostek zasadniczego podziału terytorialnego stanowi mocy prawo wspólnotę samorządową samorząd terytorialny uczestniczy sprawowaniu władzy publicznej przysługującą ramach ustawa istotną część zadań publicznych samorząd wykonuje imieniu własnym własną odpowiedzialnosc
Art. 17.,drodze ustawa tworzyć samorządy zawodowe reprezentujące osoby wykonujące zawody zaufania publicznego sprawujące pieczę należytym wykonywaniem zawodów granicach interesu publicznego ochrona drodze ustawa tworzyć rodzaje samorządu samorządy nie naruszać wolnosc wykonywania zawodu ograniczenie wolnosc podejmowania działalności gospodarczej
Art. 18.,małżeństwo związek kobiety mężczyzny rodzina macierzyństwo rodzicielstwo znajdują ochrona opieką
Art. 19.,rzeczpospolita specjalną opieką otacza weteranów walk niepodległość zwłaszcza inwalidów wojennych
Art. 20.,społeczna gospodarka rynkowa oparta wolnosc działalności gospodarczej wlasnosc prywatnej solidarności dialogu współpracy partnerów społecznych stanowi podstawę ustroju gospodarczego
Art. 21.,rzeczpospolita ochrona wlasnosc prawo dziedziczenia wywłaszczenie dopuszczalne wówczas dokonywane cele publiczne słusznym odszkodowaniem
Art. 22.,ograniczenie wolnosc działalności gospodarczej dopuszczalne drodze ustawa względu ważny interes publiczny
Art. 23.,podstawą ustroju rolnego panstwo gospodarstwo rodzinne zasada nie narusza postanowień
Art. 24.,praca znajduje ochrona panstwo sprawuje nadzór warunkami wykonywania pracy
Art. 25.,kościoły związki wyznaniowe równouprawnione ©kancelaria władze publiczne zachowują bezstronność sprawach przekonań religijnych światopoglądowych filozoficznych zapewniając swobodę wyrażania życiu publicznym stosunki panstwo kościołami innymi związkami wyznaniowymi kształtowane zasadach poszanowania autonomii wzajemnej niezależności każdego swoim zakresie współdziałania dobra czlowiek dobra wspólnego stosunki rzecząpospolitą polską kościołem katolickim określają umowa międzynarodowa zawarta stolicą apostolską ustawa stosunki rzecząpospolitą polską innymi kościołami związkami wyznaniowymi określają ustawa uchwalone umów zawartych radę ministrów właściwymi przedstawicielami
Art. 26.,siły zbrojne służą ochrona niepodległości panstwo niepodzielności terytorium zapewnieniu bezpieczeństwa nienaruszalności granic siły zbrojne zachowują neutralność sprawach politycznych podlegają cywilnej demokratycznej kontroli
Art. 27.,językiem urzędowym język przepis nie narusza prawo mniejszości narodowych wynikających ratyfikowanych umów międzynarodowych
Art. 28.,godłem wizerunek orła białego koronie czerwonym polu barwami kolory biały czerwony hymnem mazurek dąbrowskiego godło barwy hymn podlegają ochrona prawo szczegóły dotyczące godła barw hymnu określa ustawa
Art. 29.,stolicą warszawa ©kancelaria rozdział wolnosc prawo obowiazek czlowiek obywatel zasady ogólne
Art. 30.,przyrodzona niezbywalna godnosc czlowiek stanowi źródło wolnosc prawo czlowiek obywatel nienaruszalna poszanowanie ochrona obowiazek władz publicznych
Art. 31.,wolnosc czlowiek podlega ochrona prawo obowiazany szanować wolnosc prawo nikogo nie wolnosc zmuszać czynienia czego prawo nie nakaz ograniczenie zakresie korzystania konstytucyjnych wolnosc prawo ustanawiane ustawa konieczne demokratycznym państwie bezpieczeństwa porządku publicznego bądź ochrona środowiska zdrowia moralności publicznej wolnosc prawo osób ograniczenie nie naruszać istoty wolnosc prawo
Art. 32.,wobec prawo rownosc prawo rownosc traktowania władze publiczne nikt nie moze dyskryminowany życiu politycznym społecznym gospodarczym jakiejkolwiek przyczyny
Art. 33.,kobieta mężczyzna rownosc prawo życiu rodzinnym politycznym społecznym gospodarczym kobieta mężczyzna szczególności rownosc prawo kształcenia zatrudnienia awansów jednakowego wynagradzania pracę jednakowej wartości zabezpieczenia społecznego zajmowania stanowisk pełnienia funkcji uzyskiwania godnosc publicznych odznaczeń
Art. 34.,obywatel polskie nabywa urodzenie rodziców będących obywatel polskimi przypadki nabycia obywatel polskiego określa ustawa obywatel nie moze utracić obywatel polskiego chyba zrzeknie ©kancelaria
Art. 35.,rzeczpospolita zapewnia obywatel polskim należącym mniejszości narodowych etnicznych wolnosc zachowania rozwoju wlasnosc języka zachowania obyczajów tradycji rozwoju wlasnosc kultury mniejszości narodowe etniczne prawo tworzenia wlasnosc instytucji edukacyjnych kulturalnych instytucji służących ochrona tożsamości religijnej uczestnictwa rozstrzyganiu spraw dotyczących tożsamości kulturowej
Art. 36.,pobytu granicą obywatel prawo opieki strony
Art. 37.,znajduje władzą korzysta wolnosc prawo zapewnionych konstytucji wyjątki zasady odnoszące cudzoziemców określa ustawa wolnosc prawo osobiste
Art. 38.,rzeczpospolita zapewnia każdemu czlowiek prawną ochronę życia
Art. 39.,nikt nie moze poddany eksperymentom naukowym medycznym dobrowolnie wyrażonej zgody
Art. 40.,nikt nie moze poddany torturom okrutnemu nieludzkiemu poniżającemu traktowaniu karaniu zakaz stosowania kara cielesnych
Art. 41.,każdemu zapewnia nietykalnosc osobistą wolnosc osobistą pozbawienie ograniczenie wolnosc moze nastąpić zasadach trybie określonych ustawa pozbawiony wolnosc nie wyroku sad prawo odwołania sad celu niezwłocznego ustalenia legalności pozbawienia pozbawieniu wolnosc powiadamia niezwłocznie rodzinę osobę wskazaną pozbawionego wolnosc zatrzymany musi niezwłocznie zrozumiały poinformowany przyczynach zatrzymania musi ciągu godzin chwili zatrzymania przekazany dyspozycji sad zatrzymanego należy zwolnić ciągu godzin przekazania dyspozycji sad nie zostanie ©kancelaria doręczone postanowienie sad tymczasowym aresztowaniu wraz przedstawionymi zarzutami pozbawiony wolnosc musi traktowany humanitarny bezprawnie pozbawiony wolnosc prawo odszkodowania
Art. 42.,odpowiedzialnosc karnej podlega dopuścił czynu zabronionego groźbą kara ustawę obowiązującą czasie popełnienia zasada nie stoi przeszkodzie ukaraniu czyn czasie popełnienia stanowił przestępstwo myśl prawo międzynarodowego przeciw komu prowadzone postępowanie karne prawo obrony stadiach postępowania moze szczególności wybrać obrońcę zasadach określonych ustawa korzystać obrońcy urzędu każdego uważa niewinnego dopóki wina nie zostanie stwierdzona prawomocnym wyrokiem sad
Art. 43.,zbrodnie wojenne zbrodnie przeciwko ludzkości nie podlegają przedawnieniu
Art. 44.,bieg przedawnienia stosunku przestępstw nie ściganych przyczyn politycznych popełnionych funkcjonariuszy publicznych zlecenie ulega zawieszeniu czasu ustania przyczyn
Art. 45.,prawo sprawiedliwego jawnego rozpatrzenia sprawy nieuzasadnionej zwłoki właściwy niezależny bezstronny niezawisły sad wyłączenie jawności rozprawy moze nastąpić względu moralność bezpieczeństwo panstwo porządek publiczny względu ochronę życia prywatnego stron ważny interes prywatny wyrok ogłaszany publicznie
Art. 46.,przepadek rzeczy moze nastąpić przypadkach określonych ustawa prawomocnego orzeczenia sad
Art. 47.,prawo ochrona prawo życia prywatnego rodzinnego czci dobrego imienia decydowania swoim życiu osobistym
Art. 48.,rodzice prawo wychowania dzieci zgodnie własnymi przekonaniami wychowanie musi uwzględniać stopień dojrzałości dziecka wolnosc sumienia wyznania przekonania ©kancelaria ograniczenie pozbawienie prawo rodzicielskich moze nastąpić przypadkach określonych ustawa prawomocnego orzeczenia sad
Art. 49.,zapewnia wolnosc ochronę tajemnicy komunikowania ograniczenie moze nastąpić przypadkach określonych ustawa określony
Art. 50.,zapewnia nienaruszalność mieszkania przeszukanie mieszkania pomieszczenia pojazdu moze nastąpić przypadkach określonych ustawa określony
Art. 51.,nikt nie moze obowiazany inaczej ustawa ujawniania informacji dotyczących osoby władze publiczne nie pozyskiwać gromadzić udostępniać informacji obywatelach niezbędne demokratycznym państwie prawo prawo dostępu dotyczących urzędowych dokumentów zbiorów danych ograniczenie prawo moze określić ustawa prawo żądania sprostowania usunięcia informacji nieprawdziwych niepełnych zebranych sprzeczny ustawa zasady tryb gromadzenia udostępniania informacji określa ustawa
Art. 52.,każdemu zapewnia wolnosc poruszania terytorium wyboru miejsca zamieszkania pobytu moze swobodnie opuścić terytorium wolnosc mowa podlegać ograniczenie określonym ustawa obywatel polskiego nie wydalić kraju zakazać powrotu kraju osoba pochodzenie polskie zostało stwierdzone zgodnie ustawa moze osiedlić terytorium stałe
Art. 53.,każdemu zapewnia wolnosc sumienia religii wolnosc religii obejmuje wolnosc wyznawania przyjmowania religii wlasnosc wyboru uzewnętrzniania indywidualnie innymi publicznie prywatnie swojej religii uprawianie kultu modlitwę uczestniczenie obrzędach praktykowanie nauczanie wolnosc religii obejmuje ©kancelaria posiadanie świątyń miejsc kultu zależności potrzeb czlowiek wierzących prawo osób korzystania pomocy religijnej znajdują rodzice prawo zapewnienia dzieciom wychowania nauczania moralnego religijnego zgodnie swoimi przekonaniami przepis stosuje odpowiednio religia kościoła innego związku wyznaniowego uregulowanej sytuacji prawo moze przedmiotem nauczania szkole czym nie moze naruszona wolnosc sumienia religii osób wolnosc uzewnętrzniania religii moze ograniczenie drodze ustawa konieczne ochrona bezpieczeństwa panstwo porządku publicznego zdrowia moralności wolnosc prawo osób nikt nie moze zmuszany uczestniczenia nieuczestniczenia praktykach religijnych nikt nie moze obowiazany organy władzy publicznej ujawnienia swojego światopoglądu przekonań religijnych wyznania
Art. 54.,każdemu zapewnia wolnosc wyrażania swoich poglądów pozyskiwania rozpowszechniania informacji cenzura prewencyjna środków społecznego przekazu koncesjonowanie prasy zakaz ustawa moze wprowadzić obowiazek uprzedniego uzyskania koncesji prowadzenie stacji radiowej telewizyjnej
Art. 55.,ekstradycja obywatel polskiego zakaz wyjątkiem przypadków określonych ekstradycja obywatel polskiego moze dokonana wniosek innego panstwo sad organu międzynarodowego możliwość wynika ratyfikowanej rzeczpospolitą polską umowy międzynarodowej ustawa wykonującej akt prawo stanowionego organizację międzynarodową rzeczpospolita członkiem warunkiem czyn objęty wnioskiem ekstradycję popełniony terytorium stanowił przestępstwo prawo stanowiłby przestępstwo prawo popełnienia ©kancelaria terytorium zarówno czasie popełnienia chwili złożenia wniosku nie wymaga spełnienia warunków określonych ekstradycja mająca nastąpić wniosek sad organu międzynarodowego powołanego ratyfikowanej rzeczpospolitą polską umowy międzynarodowej związku objętą jurysdykcją organu zbrodnią ludobójstwa zbrodnią przeciwko ludzkości zbrodnią wojenną zbrodnią agresji ekstradycja zakaz dotyczy osoby podejrzanej popełnienie użycia przemocy przestępstwa przyczyn politycznych dokonanie naruszać wolnosc prawo czlowiek obywatel sprawie dopuszczalności ekstradycji orzeka sad
Art. 56.,cudzoziemcy korzystać prawo azylu zasadach określonych ustawa cudzoziemcowi poszukuje ochrona prześladowaniem moze przyznany status uchodźcy zgodnie wiążącymi rzeczpospolitą polską umowami międzynarodowymi wolnosc prawo polityczne
Art. 57.,każdemu zapewnia wolnosc organizowania pokojowych zgromadzeń uczestniczenia ograniczenie wolnosc moze określać ustawa
Art. 58.,każdemu zapewnia wolnosc zrzeszania zakaz zrzeszenia cel działalność sprzeczne konstytucją ustawa odmowie rejestracji zakazie działania takiego zrzeszenia orzeka sad ustawa określa rodzaje zrzeszeń podlegających sad rejestracji tryb rejestracji formy nadzoru tymi zrzeszeniami
Art. 59.,zapewnia wolnosc zrzeszania związkach zawodowych organizacjach społecznozawodowych rolników organizacjach pracodawców związki zawodowe pracodawcy organizacje prawo rokowań szczególności celu rozwiązywania sporów zbiorowych zawierania układów zbiorowych pracy porozumień ©kancelaria związkom zawodowym przysługuje prawo organizowania strajków pracowniczych form protestu granicach określonych ustawa względu dobro publiczne ustawa moze ograniczyć prowadzenie strajku zakazać odniesieniu określonych kategorii pracowników określonych dziedzinach zakres wolnosc zrzeszania związkach zawodowych organizacjach pracodawców wolnosc związkowych moze podlegać takim ograniczenie ustawa dopuszczalne wiążące rzeczpospolitą polską umowy międzynarodowe
Art. 60.,obywatel polscy korzystający pełni prawo publicznych prawo dostępu służby publicznej jednakowych zasadach
Art. 61.,obywatel prawo uzyskiwania informacji działalności organów władzy publicznej osób pełniących funkcje publiczne prawo obejmuje uzyskiwanie informacji działalności organów samorządu gospodarczego zawodowego osób jednostek organizacyjnych zakresie jakim wykonują zadania władzy publicznej gospodarują mieniem komunalnym majątkiem skarbu panstwo prawo uzyskiwania informacji obejmuje dostęp dokumentów wstęp posiedzenia kolegialnych organów władzy publicznej pochodzących powszechnych wyborów możliwością rejestracji dźwięku obrazu ograniczenie prawo mowa moze nastąpić wyłącznie względu określone ustawa ochronę wolnosc prawo osób podmiotów gospodarczych ochronę porządku publicznego bezpieczeństwa ważnego interesu gospodarczego panstwo tryb udzielania informacji mowa określają ustawa odniesieniu senatu regulaminy
Art. 62.,obywatel prawo udziału referendum prawo wybierania prezydenta posłów senatorów przedstawicieli organów samorządu terytorialnego najpóźniej dniu głosowania kończy ©kancelaria prawo udziału referendum prawo wybierania nie przysługuje osobom prawomocnym orzeczeniem sądowym ubezwłasnowolnione pozbawione prawo publicznych wyborczych
Art. 63.,prawo składać petycje wnioski skargi interesie publicznym własnym innej osoby zgodą organów władzy publicznej organizacji instytucji społecznych związku wykonywanymi nie zadaniami zleconymi zakresu administracji publicznej tryb rozpatrywania petycji wniosków skarg określa ustawa wolnosc prawo ekonomiczne socjalne kulturalne
Art. 64.,prawo wlasnosc prawo majątkowych prawo dziedziczenia wlasnosc prawo majątkowe prawo dziedziczenia podlegają rownosc ochrona prawo wlasnosc moze ograniczenie drodze ustawa zakresie jakim nie narusza istoty prawo wlasnosc
Art. 65.,każdemu zapewnia wolnosc wyboru wykonywania zawodu wyboru miejsca pracy wyjątki określa ustawa obowiazek pracy moze nałożony ustawę stałe zatrudnianie dzieci zakaz formy charakter dopuszczalnego zatrudniania określa ustawa minimalną wysokość wynagrodzenia pracę ustalania wysokości określa ustawa władze publiczne prowadzą politykę zmierzającą pełnego produktywnego zatrudnienia poprzez realizowanie programów zwalczania bezrobocia organizowanie wspieranie poradnictwa szkolenia zawodowego robót publicznych prac interwencyjnych
Art. 66.,prawo bezpiecznych higienicznych warunków pracy realizacji prawo obowiazek pracodawcy określa ustawa pracownik prawo określonych ustawa dni wolnosc pracy corocznych płatnych urlopów maksymalne normy czasu pracy określa ustawa ©kancelaria
Art. 67.,obywatel prawo zabezpieczenia społecznego niezdolności pracy względu chorobę inwalidztwo osiągnięciu wieku emerytalnego zakres formy zabezpieczenia społecznego określa ustawa obywatel pozostający pracy nie wlasnosc woli nie mający środków utrzymania prawo zabezpieczenia społecznego zakres formy określa ustawa
Art. 68.,prawo ochrona zdrowia obywatel niezależnie sytuacji materialnej władze publiczne zapewniają rownosc dostęp świadczeń opieki zdrowotnej finansowanej środków publicznych warunki zakres udzielania świadczeń określa ustawa władze publiczne obowiazany zapewnienia szczególnej opieki zdrowotnej dzieciom kobietom ciężarnym osobom niepełnosprawnym osobom podeszłym wieku władze publiczne obowiazany zwalczania chorób epidemicznych zapobiegania negatywnym zdrowia skutkom degradacji środowiska władze publiczne popierają rozwój kultury fizycznej zwłaszcza dzieci młodzieży
Art. 69.,osobom niepełnosprawnym władze publiczne udzielają zgodnie ustawa pomocy zabezpieczaniu egzystencji przysposobieniu pracy komunikacji społecznej
Art. 70.,prawo nauki nauka życia obowiazek wykonywania obowiazek szkolnego określa ustawa nauka szkołach publicznych bezpłatna ustawa moze dopuścić świadczenie niektórych usług edukacyjnych publiczne szkoły wyższe odpłatnością rodzice wolnosc wyboru swoich dzieci szkół publiczne obywatel instytucje prawo zakładania szkół podstawowych ponadpodstawowych wyższych zakładów wychowawczych warunki zakładania działalności szkół niepublicznych udziału władz publicznych finansowaniu zasady nadzoru pedagogicznego szkołami zakładami wychowawczymi określa ustawa ©kancelaria władze publiczne zapewniają obywatel powszechny rownosc dostęp wykształcenia celu tworzą wspierają systemy indywidualnej pomocy finansowej organizacyjnej uczniów studentów warunki udzielania pomocy określa ustawa zapewnia autonomię szkół wyższych zasadach określonych ustawa
Art. 71.,panstwo swojej polityce społecznej gospodarczej uwzględnia dobro rodziny rodziny znajdujące trudnej sytuacji materialnej społecznej zwłaszcza wielodzietne niepełne prawo szczególnej pomocy strony władz publicznych matka urodzeniu dziecka prawo szczególnej pomocy władz publicznych zakres określa ustawa
Art. 72.,rzeczpospolita zapewnia ochronę prawo dziecka prawo żądać organów władzy publicznej ochrona dziecka przemocą okrucieństwem wyzyskiem demoralizacją dziecko pozbawione opieki rodzicielskiej prawo opieki pomocy władz publicznych toku ustalania prawo dziecka organy władzy publicznej osoby odpowiedzialnosc dziecko obowiazany wysłuchania miarę możliwości uwzględnienia zdania dziecka ustawa określa kompetencje powoływania rzecznika prawo dziecka
Art. 73.,każdemu zapewnia wolnosc twórczości artystycznej badań naukowych ogłaszania wyników wolnosc nauczania wolnosc korzystania dóbr kultury
Art. 74.,władze publiczne prowadzą politykę zapewniającą bezpieczeństwo ekologiczne współczesnemu przyszłym pokoleniom ochrona środowiska obowiazek władz publicznych prawo informacji stanie ochrona środowiska władze publiczne wspierają działania obywatel rzecz ochrona poprawy stanu środowiska
Art. 75.,władze publiczne prowadzą politykę sprzyjającą zaspokojeniu potrzeb mieszkaniowych obywatel szczególności przeciwdziałają bezdomności ©kancelaria wspierają rozwój budownictwa socjalnego popierają działania obywatel zmierzające uzyskania wlasnosc mieszkania ochronę prawo lokatorów określa ustawa
Art. 76.,władze publiczne chronią konsumentów użytkowników najemców działaniami zagrażającymi zdrowiu prywatności bezpieczeństwu nieuczciwymi praktykami rynkowymi zakres ochrona określa ustawa środki ochrona wolnosc prawo
Art. 77.,prawo wynagrodzenia szkody jaka została wyrządzona niezgodne prawo działanie organu władzy publicznej ustawa nie moze nikomu zamykać drogi sad dochodzenia naruszonych wolnosc prawo
Art. 78.,każda stron prawo zaskarżenia orzeczeń decyzji wydanych pierwszej instancji wyjątki zasady tryb zaskarżania określa ustawa
Art. 79.,czyje konstytucyjne wolnosc prawo zostały naruszone prawo zasadach określonych ustawa wnieść skargę trybunal konstytucyjnego sprawie zgodności konstytucją ustawa innego aktu normatywnego sad organ administracji publicznej orzekł ostatecznie wolnosc prawo obowiązkach określonych konstytucji przepis nie dotyczy prawo określonych
Art. 80.,prawo wystąpienia zasadach określonych ustawa rzecznika prawo obywatel wnioskiem pomoc ochrona swoich wolnosc prawo naruszonych organy władzy publicznej
Art. 81.,prawo określonych dochodzić granicach określonych ustawa obowiazek
Art. 82.,obowiazek obywatel polskiego wierność troska dobro wspólne
Art. 83.,obowiazek przestrzegania prawo ©kancelaria
Art. 84.,obowiazany ponoszenia ciężarów świadczeń publicznych podatków określonych ustawa
Art. 85.,obowiazek obywatel polskiego obrona ojczyzny zakres obowiazek służby wojskowej określa ustawa obywatel któremu przekonania religijne wyznawane zasady moralne nie pozwalają odbywanie służby wojskowej moze obowiazany służby zastępczej zasadach określonych ustawa
Art. 86.,obowiazany dbałości stan środowiska ponosi odpowiedzialnosc spowodowane siebie pogorszenie zasady odpowiedzialnosc określa ustawa rozdział źródła prawo
Art. 87.,źródłami powszechnie obowiązującego prawo ustawa ratyfikowane umowy międzynarodowe rozporządzenia źródłami powszechnie obowiązującego prawo obszarze działania organów ustanowiły akty prawo miejscowego
Art. 88.,warunkiem wejścia życie ustawa rozporządzeń aktów prawo miejscowego ogłoszenie zasady tryb ogłaszania aktów normatywnych określa ustawa umowy międzynarodowe ratyfikowane uprzednią zgodą wyrażoną ustawa ogłaszane trybie wymaganym ustawa zasady ogłaszania umów międzynarodowych określa ustawa
Art. 89.,ratyfikacja rzeczpospolitą polską umowy międzynarodowej wypowiedzenie wymaga uprzedniej zgody wyrażonej ustawa umowa dotyczy pokoju sojuszy układów politycznych układów wojskowych wolnosc prawo obowiazek obywatel określonych konstytucji członkostwa organizacji międzynarodowej znacznego obciążenia panstwo względem finansowym spraw uregulowanych ustawa wymaga ustawa ©kancelaria zamiarze przedłożenia prezydentowi ratyfikacji umów międzynarodowych ratyfikacja nie wymaga zgody wyrażonej ustawa prezes rady ministrów zawiadamia sejm zasady tryb zawierania ratyfikowania wypowiadania umów międzynarodowych określa ustawa
Art. 90.,rzeczpospolita moze umowy międzynarodowej przekazać organizacji międzynarodowej organowi międzynarodowemu kompetencje organów władzy panstwo niektórych sprawach ustawa wyrażająca zgodę ratyfikację umowy międzynarodowej mowa uchwalana sejm większością głosów obecności najmniej połowy ustawa liczby posłów senat większością głosów obecności najmniej połowy ustawa liczby senatorów wyrażenie zgody ratyfikację takiej umowy moze uchwalone referendum ogólnokrajowym zgodnie przepisem uchwałę sprawie wyboru trybu wyrażenia zgody ratyfikację podejmuje sejm bezwzględną większością głosów obecności najmniej połowy ustawa liczby posłów
Art. 91.,ratyfikowana umowa międzynarodowa ogłoszeniu dzienniku ustawa stanowi część krajowego porządku prawo bezpośrednio stosowana chyba stosowanie uzależnione wydania ustawa umowa międzynarodowa ratyfikowana uprzednią zgodą wyrażoną ustawa pierwszeństwo ustawa ustawa nie da pogodzić umową wynika ratyfikowanej rzeczpospolitą polską umowy konstytuującej organizację międzynarodową prawo stanowione stosowane bezpośrednio mając pierwszeństwo przypadku kolizji ustawa
Art. 92.,rozporządzenia wydawane organy wskazane konstytucji szczegółowego upoważnienia zawartego ustawa celu wykonania upoważnienie musi określać organ właściwy wydania rozporządzenia zakres spraw przekazanych uregulowania wytyczne dotyczące treści aktu ©kancelaria organ upoważniony wydania rozporządzenia nie moze przekazać swoich kompetencji mowa innemu organowi
Art. 93.,uchwały rady ministrów zarządzenia prezesa rady ministrów ministrów charakter wewnętrzny obowiazany jednostki organizacyjnie podległe organowi wydającemu akty zarządzenia wydawane ustawa nie stanowić podstawy decyzji wobec obywatel osób prawo podmiotów uchwały zarządzenia podlegają kontroli zgodności powszechnie obowiązującym prawo
Art. 94.,organy samorządu terytorialnego terenowe organy administracji rządowej granicach upoważnień zawartych ustawa ustanawiają akty prawo miejscowego obowiązujące obszarze działania organów zasady tryb wydawania aktów prawo miejscowego określa ustawa rozdział sejm senat
Art. 95.,władzę ustawodawczą sprawują sejm senat sejm sprawuje kontrolę działalnością rady ministrów zakresie określonym przepisami konstytucji ustawa wybory kadencja
Art. 96.,sejm składa posłów wybory powszechne rownosc bezpośrednie proporcjonalne odbywają głosowaniu tajnym
Art. 97.,senat składa senatorów wybory senatu powszechne bezpośrednie odbywają głosowaniu tajnym
Art. 98.,sejm senat wybierane czteroletnie kadencje kadencje senatu rozpoczynają dniem zebrania pierwsze posiedzenie trwają poprzedzającego dzień zebrania następnej kadencji ©kancelaria wybory senatu zarządza prezydent nie później dni upływem rozpoczęcia kadencji senatu wyznaczając wybory dzień wolnosc pracy przypadający ciągu dni upływem rozpoczęcia kadencji senatu sejm moze skrócić swoją kadencję uchwałą podjętą większością najmniej głosów ustawa liczby posłów skrócenie kadencji oznacza jednoczesne skrócenie kadencji senatu przepis stosuje odpowiednio prezydent zasięgnięciu opinii marszałka marszałka senatu moze przypadkach określonych konstytucji zarządzić skrócenie kadencji wraz skróceniem kadencji skrócona zostaje kadencja senatu prezydent zarządzając skrócenie kadencji zarządza jednocześnie wybory senatu wyznacza datę dzień przypadający nie później ciągu dni zarządzenia skrócenia kadencji prezydent zwołuje pierwsze posiedzenie nowo wybranego nie później dzień dniu przeprowadzenia wyborów skrócenia kadencji stosuje odpowiednio przepis
Art. 99.,wybrany moze obywatel mający prawo wybierania najpóźniej dniu wyborów kończy wybrany senatu moze obywatel mający prawo wybierania najpóźniej dniu wyborów kończy wybraną senatu nie moze osoba skazana prawomocnym wyrokiem karę pozbawienia wolnosc przestępstwo umyślne ścigane oskarżenia publicznego
Art. 100.,kandydatów posłów senatorów zgłaszać partie polityczne wyborcy nie kandydować równocześnie senatu zasady tryb zgłaszania kandydatów przeprowadzania wyborów warunki ważności wyborów określa ustawa
Art. 101.,ważność wyborów senatu stwierdza sad najwyższy wyborcy przysługuje prawo zgłoszenia sad najwyższego protestu przeciwko ważności wyborów zasadach określonych ustawa ©kancelaria posłowie senatorowie
Art. 102.,nie równocześnie posłem senatorem
Art. 103.,mandatu posła nie łączyć funkcją prezesa narodowego banku polskiego prezesa najwyższej izby kontroli rzecznika prawo obywatel rzecznika prawo dziecka zastępców członka rady polityki pieniężnej członka krajowej rady radiofonii telewizji ambasadora zatrudnieniem kancelarii kancelarii senatu kancelarii prezydenta zatrudnieniem administracji rządowej zakaz nie dotyczy członków rady ministrów sekretarzy stanu administracji rządowej sędzia prokurator urzędnik służby cywilnej żołnierz pozostający czynnej służbie wojskowej funkcjonariusz policji funkcjonariusz służb ochrona panstwo nie sprawować mandatu poselskiego przypadki zakaz łączenia mandatu poselskiego funkcjami publicznymi zakaz sprawowania moze określić ustawa
Art. 104.,posłowie przedstawicielami narodu nie wiążą instrukcje wyborców rozpoczęciem sprawowania mandatu posłowie składają sejmem następujące ślubowanie uroczyście ślubuję rzetelnie sumiennie wykonywać obowiazek wobec narodu strzec suwerenności interesów panstwo czynić pomyślności ojczyzny dobra obywatel przestrzegać konstytucji prawo ślubowanie moze złożone dodaniem zdania dopomóż bóg odmowa złożenia ślubowania oznacza zrzeczenie mandatu
Art. 105.,poseł nie moze pociągnięty odpowiedzialnosc swoją działalność wchodzącą zakres sprawowania mandatu poselskiego czasie trwania wygaśnięciu taką działalność poseł odpowiedzialnosc wyłącznie sejmem przypadku naruszenia prawo osób trzecich moze pociągnięty odpowiedzialnosc sad zgodą ogłoszenia wyników wyborów wygaśnięcia mandatu poseł nie moze pociągnięty zgody odpowiedzialnosc karnej ©kancelaria postępowanie karne wszczęte wobec osoby dniem wyboru posła ulega żądanie zawieszeniu czasu wygaśnięcia mandatu takim przypadku ulega zawieszeniu czas bieg przedawnienia postępowaniu karnym poseł moze wyrazić zgodę pociągnięcie odpowiedzialnosc karnej takim przypadku nie stosuje przepisów poseł nie moze zatrzymany aresztowany zgody wyjątkiem ujęcia gorącym uczynku przestępstwa zatrzymanie niezbędne zapewnienia prawidłowego toku postępowania zatrzymaniu niezwłocznie powiadamia marszałka moze nakazać natychmiastowe zwolnienie zatrzymanego szczegółowe zasady pociągania posłów odpowiedzialnosc karnej tryb postępowania określa ustawa
Art. 106.,warunki niezbędne skutecznego wypełniania obowiazek poselskich ochronę prawo wynikających sprawowania mandatu określa ustawa
Art. 107.,zakresie określonym ustawa poseł nie moze prowadzić działalności gospodarczej osiąganiem korzyści majątku skarbu panstwo samorządu terytorialnego nabywać majątku naruszenie zakaz mowa poseł uchwałą podjętą wniosek marszałka moze pociągnięty odpowiedzialnosc trybunal stanu orzeka przedmiocie pozbawienia mandatu
Art. 108.,senatorów stosuje odpowiednio przepisy organizacja działanie
Art. 109.,sejm senat obradują posiedzeniach pierwsze posiedzenia senatu prezydent zwołuje dzień przypadający ciągu dni wyborów wyjątkiem przypadków określonych
Art. 110.,sejm wybiera swojego grona marszałka wicemarszałków ©kancelaria marszałek przewodniczy obradom strzeże prawo reprezentuje sejm zewnątrz sejm powołuje komisje stałe moze powoływać komisje nadzwyczajne
Art. 111.,sejm moze powołać komisję śledczą zbadania określonej sprawy tryb działania komisji śledczej określa ustawa
Art. 112.,organizację wewnętrzną porządek prac tryb powoływania działalności organów wykonywania konstytucyjnych ustawa obowiazek organów panstwo wobec określa regulamin uchwalony sejm
Art. 113.,posiedzenia jawne wymaga dobro panstwo sejm moze bezwzględną większością głosów obecności najmniej połowy ustawa liczby posłów uchwalić tajność obrad
Art. 114.,przypadkach określonych konstytucji sejm senat obradując wspólnie przewodnictwem marszałka zastępstwie marszałka senatu działają zgromadzenie narodowe zgromadzenie narodowe uchwala swój regulamin
Art. 115.,prezes rady ministrów pozostali członkowie rady ministrów obowiazek udzielenia odpowiedzi interpelacje zapytania poselskie ciągu dni prezes rady ministrów pozostali członkowie rady ministrów obowiazek udzielenia odpowiedzi sprawach bieżących każdym posiedzeniu
Art. 116.,sejm decyduje imieniu stanie wojny zawarciu pokoju sejm moze podjąć uchwałę stanie wojny zbrojnej napaści terytorium umów międzynarodowych wynika zobowiązanie wspólnej obrony przeciwko agresji sejm nie moze zebrać posiedzenie stanie wojny postanawia prezydent
Art. 117.,zasady użycia sił zbrojnych granicami określa ratyfikowana umowa międzynarodowa ustawa zasady pobytu ©kancelaria obcych wojsk terytorium zasady przemieszczania terytorium określają ratyfikowane umowy międzynarodowe ustawa
Art. 118.,inicjatywa ustawodawcza przysługuje posłom senatowi prezydentowi radzie ministrów inicjatywa ustawodawcza przysługuje grupie najmniej obywatel mających prawo wybierania tryb postępowania sprawie określa ustawa wnioskodawcy przedkładając sejmowi projekt ustawa przedstawiają skutki finansowe wykonania
Art. 119.,sejm rozpatruje projekt ustawa trzech czytaniach prawo wnoszenia poprawek projektu ustawa czasie rozpatrywania sejm przysługuje wnioskodawcy projektu posłom radzie ministrów marszałek moze odmówić poddania głosowanie poprawki uprzednio nie przedłożona komisji wnioskodawca moze wycofać projekt ustawa toku postępowania ustawodawczego sejmie czasu zakończenia drugiego czytania projektu
Art. 120.,sejm uchwala ustawa zwykłą większością głosów obecności najmniej połowy ustawa liczby posłów chyba przewiduje inną większość samym trybie sejm podejmuje uchwały ustawa uchwała nie stanowi inaczej
Art. 121.,ustawę uchwaloną sejm marszałek przekazuje senatowi senat ciągu dni przekazania ustawa moze przyjąć zmian uchwalić poprawki uchwalić odrzucenie całości senat ciągu dni przekazania ustawa nie podejmie stosownej uchwały ustawę uznaje uchwaloną brzmieniu przyjętym sejm uchwałę senatu odrzucającą ustawę poprawkę zaproponowaną uchwale senatu uważa przyjętą sejm nie odrzuci bezwzględną większością głosów obecności najmniej połowy ustawa liczby posłów
Art. 122.,zakończeniu postępowania określonego marszałek przedstawia uchwaloną ustawę podpisu prezydentowi ©kancelaria prezydent podpisuje ustawę ciągu dni przedstawienia zarządza ogłoszenie dzienniku ustawa podpisaniem ustawa prezydent moze wystąpić trybunal konstytucyjnego wnioskiem sprawie zgodności ustawa konstytucją prezydent nie moze odmówić podpisania ustawa którą trybunal konstytucyjny uznał zgodną konstytucją prezydent odmawia podpisania ustawa którą trybunal konstytucyjny uznał niezgodną konstytucją niezgodność konstytucją dotyczy poszczególnych przepisów ustawa trybunal konstytucyjny nie orzeknie nierozerwalnie związane całą ustawa prezydent zasięgnięciu opinii marszałka podpisuje ustawę pominięciem przepisów uznanych niezgodne konstytucją zwraca ustawę sejmowi celu usunięcia niezgodności prezydent nie wystąpił wnioskiem trybunal konstytucyjnego trybie moze umotywowanym wnioskiem przekazać ustawę sejmowi ponownego rozpatrzenia ponownym uchwaleniu ustawa sejm większością głosów obecności najmniej połowy ustawa liczby posłów prezydent ciągu dni podpisuje ustawę zarządza ogłoszenie dzienniku ustawa ponownego uchwalenia ustawa sejm prezydentowi nie przysługuje prawo wystąpienia trybunal konstytucyjnego trybie wystąpienie prezydenta trybunal konstytucyjnego wnioskiem sprawie zgodności ustawa konstytucją wnioskiem ponowne rozpatrzenie ustawa wstrzymuje bieg określonego terminu podpisania ustawa
Art. 123.,rada ministrów moze uznać uchwalony siebie projekt ustawa pilny wyjątkiem projektów ustawa podatkowych ustawa dotyczących wyboru prezydenta senatu organów samorządu terytorialnego ustawa regulujących ustrój właściwość władz publicznych kodeksów regulamin regulamin senatu określają odrębności postępowaniu ustawodawczym sprawie projektu pilnego ©kancelaria postępowaniu sprawie ustawa projekt uznany pilny termin rozpatrzenia senat wynosi dni termin podpisania ustawa prezydenta wynosi dni
Art. 124.,senatu stosuje odpowiednio przepisy referendum
Art. 125.,sprawach szczególnym znaczeniu panstwo moze przeprowadzone referendum ogólnokrajowe referendum ogólnokrajowe prawo zarządzić sejm bezwzględną większością głosów obecności najmniej połowy ustawa liczby posłów prezydent zgodą senatu wyrażoną bezwzględną większością głosów obecności najmniej połowy ustawa liczby senatorów referendum ogólnokrajowym wzięło udział połowa uprawnionych głosowania wynik referendum wiążący ważność referendum ogólnokrajowego referendum mowa stwierdza sad najwyższy zasady tryb przeprowadzania referendum określa ustawa rozdział prezydent
Art. 126.,prezydent najwyższym przedstawicielem gwarantem ciągłości władzy panstwo prezydent czuwa przestrzeganiem konstytucji stoi straży suwerenności bezpieczeństwa panstwo nienaruszalności niepodzielności terytorium prezydent wykonuje zadania zakresie zasadach określonych konstytucji ustawa
Art. 127.,prezydent wybierany naród wyborach powszechnych rownosc bezpośrednich głosowaniu tajnym prezydent wybierany pięcioletnią kadencję moze ponownie wybrany ©kancelaria prezydenta moze wybrany obywatel najpóźniej dniu wyborów kończy korzysta pełni prawo wyborczych kandydata zgłasza najmniej obywatel mających prawo wybierania prezydenta wybrany zostaje kandydat otrzymał połowę ważnie oddanych głosów kandydatów nie uzyska wymaganej większości czternastego pierwszym głosowaniu przeprowadza ponowne głosowanie ponownym głosowaniu wyboru dokonuje spośród dwóch kandydatów pierwszym głosowaniu otrzymali kolejno największą liczbę głosów którykolwiek dwóch kandydatów wycofa zgodę kandydowanie utraci prawo wyborcze umrze miejsce wyborów ponownym głosowaniu dopuszcza kandydata otrzymał kolejno największą liczbę głosów pierwszym głosowaniu takim przypadku datę ponownego głosowania odracza dalszych dni prezydenta wybrany zostaje kandydat ponownym głosowaniu otrzymał głosów zasady tryb zgłaszania kandydatów przeprowadzania wyborów warunki ważności wyboru prezydenta określa ustawa
Art. 128.,kadencja prezydenta rozpoczyna dniu objęcia urzędu wybory prezydenta zarządza marszałek dzień przypadający nie wcześniej dni nie później dni upływem kadencji urzędującego prezydenta opróżnienia urzędu prezydenta nie później czternastym dniu opróżnieniu urzędu wyznaczając datę wyborów dzień wolnosc pracy przypadający ciągu dni zarządzenia wyborów
Art. 129.,ważność wyboru prezydenta stwierdza sad najwyższy wyborcy przysługuje prawo zgłoszenia sad najwyższego protestu przeciwko ważności wyboru prezydenta zasadach określonych ustawa ©kancelaria stwierdzenia nieważności wyboru prezydenta przeprowadza wybory zasadach przewidzianych przypadku opróżnienia urzędu prezydenta
Art. 130.,prezydent obejmuje urząd złożeniu wobec zgromadzenia narodowego następującej przysięgi obejmując woli narodu urząd prezydenta uroczyście przysięgam dochowam wierności postanowieniom konstytucji będę strzegł niezłomnie godnosc narodu niepodległości bezpieczeństwa panstwo dobro ojczyzny pomyślność obywatel najwyższym nakaz przysięga moze złożona dodaniem zdania dopomóż bóg
Art. 131.,prezydent nie moze przejściowo sprawować urzędu zawiadamia marszałka tymczasowo przejmuje obowiazek prezydenta prezydent nie stanie zawiadomić marszałka niemożności sprawowania urzędu wówczas stwierdzeniu przeszkody sprawowaniu urzędu prezydenta rozstrzyga trybunal konstytucyjny wniosek marszałka uznania przejściowej niemożności sprawowania urzędu prezydenta trybunal konstytucyjny powierza marszałkowi tymczasowe wykonywanie obowiazek prezydenta marszałek tymczasowo czasu wyboru nowego prezydenta wykonuje obowiazek prezydenta śmierci prezydenta zrzeczenia urzędu prezydenta stwierdzenia nieważności wyboru prezydenta przyczyn nieobjęcia urzędu wyborze uznania zgromadzenie narodowe trwałej niezdolności prezydenta sprawowania urzędu względu stan zdrowia uchwałą podjętą większością najmniej głosów ustawa liczby członków zgromadzenia narodowego złożenia prezydenta urzędu orzeczeniem trybunal stanu ©kancelaria marszałek nie moze wykonywać obowiazek prezydenta obowiazek przejmuje marszałek senatu osoba wykonująca obowiazek prezydenta nie moze postanowić skróceniu kadencji
Art. 132.,prezydent nie moze piastować żadnego innego urzędu pełnić żadnej funkcji publicznej wyjątkiem związane sprawowanym urzędem
Art. 133.,prezydent reprezentant panstwo stosunkach zewnętrznych ratyfikuje wypowiada umowy międzynarodowe czym zawiadamia sejm senat mianuje odwołuje pełnomocnych przedstawicieli państwach organizacjach międzynarodowych przyjmuje listy uwierzytelniające odwołujące akredytowanych przedstawicieli dyplomatycznych państw organizacji międzynarodowych prezydent ratyfikowaniem umowy międzynarodowej moze zwrócić trybunal konstytucyjnego wnioskiem sprawie zgodności konstytucją prezydent zakresie polityki zagranicznej współdziała prezesem rady ministrów właściwym ministrem
Art. 134.,prezydent najwyższym zwierzchnikiem sił zbrojnych czasie pokoju prezydent sprawuje zwierzchnictwo siłami zbrojnymi pośrednictwem ministra obrony narodowej prezydent mianuje szefa sztabu generalnego dowódców rodzajów sił zbrojnych czas określony czas trwania kadencji tryb warunki odwołania upływem określa ustawa czas wojny prezydent wniosek prezesa rady ministrów mianuje naczelnego dowódcę sił zbrojnych samym trybie moze naczelnego dowódcę sił zbrojnych odwołać kompetencje naczelnego ©kancelaria dowódcy sił zbrojnych zasady podległości konstytucyjnym organom określa ustawa prezydent wniosek ministra obrony narodowej nadaje określone ustawa stopnie wojskowe kompetencje prezydenta związane zwierzchnictwem siłami zbrojnymi szczegółowo określa ustawa
Art. 135.,organem doradczym prezydenta zakresie wewnętrznego zewnętrznego bezpieczeństwa panstwo rada bezpieczeństwa narodowego
Art. 136.,bezpośredniego zewnętrznego zagrożenia panstwo prezydent wniosek prezesa rady ministrów zarządza powszechną częściową mobilizację użycie sił zbrojnych obrony
Art. 137.,prezydent nadaje obywatel polskie wyraża zgodę zrzeczenie obywatel polskiego
Art. 138.,prezydent nadaje ordery odznaczenia
Art. 139.,prezydent stosuje prawo łaski prawo łaski nie stosuje osób skazanych trybunal stanu
Art. 140.,prezydent moze zwracać orędziem senatu zgromadzenia narodowego orędzia nie czyni przedmiotem debaty
Art. 141.,sprawach szczególnej wagi prezydent moze zwołać radę gabinetową radę gabinetową tworzy rada ministrów obradująca przewodnictwem prezydenta radzie gabinetowej nie przysługują kompetencje rady ministrów
Art. 142.,prezydent wydaje rozporządzenia zarządzenia zasadach określonych prezydent wydaje postanowienia zakresie realizacji pozostałych swoich kompetencji ©kancelaria
Art. 143.,organem pomocniczym prezydenta prezydenta prezydent nadaje statut kancelarii powołuje odwołuje szefa kancelarii prezydenta
Art. 144.,prezydent korzystając swoich konstytucyjnych ustawa kompetencji wydaje akty urzędowe akty urzędowe prezydenta wymagają swojej ważności podpisu prezesa rady ministrów podpisanie aktu ponosi odpowiedzialnosc sejmem przepis nie dotyczy zarządzania wyborów senatu zwoływania pierwszego posiedzenia nowo wybranych senatu skracania kadencji przypadkach określonych konstytucji inicjatywy ustawodawczej zarządzania referendum ogólnokrajowego podpisywania odmowy podpisania ustawa zarządzania ogłoszenia ustawa umowy międzynarodowej dzienniku ustawa zwracania orędziem senatu zgromadzenia narodowego wniosku trybunal konstytucyjnego wniosku przeprowadzenie kontroli najwyższą izbę kontroli desygnowania powoływania prezesa rady ministrów przyjmowania dymisji rady ministrów powierzania tymczasowego pełnienia obowiazek wniosku pociągnięcie odpowiedzialnosc trybunal stanu członka rady ministrów odwoływania ministra któremu sejm wyraził wotum nieufności zwoływania rady gabinetowej nadawania orderów odznaczeń powoływania sędziów stosowania prawo łaski nadawania obywatel polskiego wyrażania zgody zrzeczenie obywatel polskiego ©kancelaria powoływania pierwszego prezesa sad najwyższego powoływania prezesa wiceprezesa trybunal konstytucyjnego powoływania prezesa naczelnego sad administracyjnego powoływania prezesów sad najwyższego wiceprezesów naczelnego sad administracyjnego wniosku powołanie prezesa narodowego banku polskiego powoływania członków rady polityki pieniężnej powoływania odwoływania członków rady bezpieczeństwa narodowego powoływania członków krajowej rady radiofonii telewizji nadawania statutu kancelarii prezydenta powoływania odwoływania szefa kancelarii prezydenta wydawania zarządzeń zasadach określonych zrzeczenia urzędu prezydenta
Art. 145.,prezydent naruszenie konstytucji ustawa popełnienie przestępstwa moze pociągnięty odpowiedzialnosc trybunal stanu postawienie prezydenta stan oskarżenia moze nastąpić uchwałą zgromadzenia narodowego podjętą większością najmniej głosów ustawa liczby członków zgromadzenia narodowego wniosek najmniej członków zgromadzenia narodowego dniem podjęcia uchwały postawieniu prezydenta stan oskarżenia trybunal stanu sprawowanie urzędu prezydenta ulega zawieszeniu przepis stosuje odpowiednio rozdział rada ministrów administracja rządowa
Art. 146.,rada ministrów prowadzi politykę wewnętrzną zagraniczną rady ministrów należą sprawy polityki panstwo nie zastrzeżone organów panstwo samorządu terytorialnego rada ministrów kieruje administracją rządową ©kancelaria zakresie zasadach określonych konstytucji ustawa rada ministrów szczególności zapewnia wykonanie ustawa wydaje rozporządzenia koordynuje kontroluje prace organów administracji rządowej ochrona interesy skarbu panstwo uchwala projekt budżetu panstwo kieruje wykonaniem budżetu panstwo uchwala zamknięcie rachunków panstwo sprawozdanie wykonania budżetu zapewnia bezpieczeństwo wewnętrzne panstwo porządek publiczny zapewnia bezpieczeństwo zewnętrzne panstwo sprawuje ogólne kierownictwo dziedzinie stosunków innymi państwami organizacjami międzynarodowymi zawiera umowy międzynarodowe wymagające ratyfikacji zatwierdza wypowiada umowy międzynarodowe sprawuje ogólne kierownictwo dziedzinie obronności kraju określa corocznie liczbę obywatel powoływanych czynnej służby wojskowej określa organizację tryb swojej pracy
Art. 147.,rada ministrów składa prezesa rady ministrów ministrów skład rady ministrów powoływani wiceprezesi rady ministrów prezes wiceprezes rady ministrów pełnić funkcję ministra skład rady ministrów ponadto powoływani przewodniczący określonych ustawa komitetów
Art. 148.,prezes rady ministrów reprezentuje radę ministrów kieruje pracami rady ministrów wydaje rozporządzenia zapewnia wykonywanie polityki rady ministrów określa sposoby wykonywania koordynuje kontroluje pracę członków rady ministrów ©kancelaria sprawuje nadzór samorządem terytorialnym granicach formach określonych konstytucji ustawa zwierzchnikiem służbowym pracowników administracji rządowej
Art. 149.,ministrowie kierują określonymi działami administracji rządowej wypełniają zadania wyznaczone prezesa rady ministrów zakres działania ministra kierującego działem administracji rządowej określają ustawa minister kierujący działem administracji rządowej wydaje rozporządzenia rada ministrów wniosek prezesa rady ministrów moze uchylić rozporządzenie zarządzenie ministra przewodniczącego komitetu mowa stosuje odpowiednio przepisy odnoszące ministra kierującego działem administracji rządowej
Art. 150.,członek rady ministrów nie moze prowadzić działalności sprzecznej obowiazek publicznymi
Art. 151.,prezes rady ministrów wiceprezesi rady ministrów ministrowie składają wobec prezydenta następującą przysięgę obejmując urząd prezesa rady ministrów wiceprezesa rady ministrów ministra uroczyście przysięgam dochowam wierności postanowieniom konstytucji innym prawom dobro ojczyzny pomyślność obywatel najwyższym nakaz przysięga moze złożona dodaniem zdania dopomóż bóg
Art. 152.,przedstawicielem rady ministrów województwie wojewoda tryb powoływania odwoływania zakres działania wojewodów określa ustawa
Art. 153.,celu zapewnienia zawodowego rzetelnego bezstronnego politycznie neutralnego wykonywania zadań panstwo urzędach administracji rządowej działa korpus służby cywilnej prezes rady ministrów zwierzchnikiem korpusu służby cywilnej ©kancelaria
Art. 154.,prezydent desygnuje prezesa rady ministrów proponuje skład rady ministrów prezydent powołuje prezesa rady ministrów wraz pozostałymi członkami rady ministrów ciągu dni pierwszego posiedzenia przyjęcia dymisji poprzedniej rady ministrów odbiera przysięgę członków nowo powołanej rady ministrów prezes rady ministrów ciągu dni powołania prezydenta przedstawia sejmowi program działania rady ministrów wnioskiem udzielenie wotum zaufania wotum zaufania sejm uchwala bezwzględną większością głosów obecności najmniej połowy ustawa liczby posłów niepowołania rady ministrów trybie nieudzielenia wotum zaufania trybie sejm ciągu dni upływu terminów określonych wybiera prezesa rady ministrów proponowanych członków rady ministrów bezwzględną większością głosów obecności najmniej połowy ustawa liczby posłów prezydent powołuje wybraną radę ministrów odbiera przysięgę członków
Art. 155.,niepowołania rady ministrów trybie prezydent ciągu dni powołuje prezesa rady ministrów wniosek pozostałych członków rady ministrów odbiera przysięgę sejm ciągu dni powołania rady ministrów prezydenta udziela wotum zaufania większością głosów obecności najmniej połowy ustawa liczby posłów nieudzielenia radzie ministrów wotum zaufania trybie określonym prezydent skraca kadencję zarządza wybory
Art. 156.,członkowie rady ministrów ponoszą odpowiedzialnosc trybunal stanu naruszenie konstytucji ustawa przestępstwa popełnione związku zajmowanym stanowiskiem uchwałę pociągnięciu członka rady ministrów odpowiedzialnosc trybunal stanu sejm podejmuje wniosek prezydenta najmniej posłów większością ustawa liczby posłów ©kancelaria
Art. 157.,członkowie rady ministrów ponoszą sejmem solidarną odpowiedzialnosc działalność rady ministrów członkowie rady ministrów ponoszą sejmem odpowiedzialnosc indywidualną sprawy należące kompetencji powierzone prezesa rady ministrów
Art. 158.,sejm wyraża radzie ministrów wotum nieufności większością ustawa liczby posłów wniosek zgłoszony najmniej posłów wskazujący imiennie kandydata prezesa rady ministrów uchwała została przyjęta sejm prezydent przyjmuje dymisję rady ministrów powołuje wybranego sejm nowego prezesa rady ministrów wniosek pozostałych członków rady ministrów odbiera przysięgę wniosek podjęcie uchwały mowa moze poddany głosowanie nie wcześniej upływie dni zgłoszenia powtórny wniosek moze zgłoszony nie wcześniej upływie miesięcy zgłoszenia poprzedniego wniosku powtórny wniosek moze zgłoszony upływem miesięcy wystąpi najmniej posłów
Art. 159.,sejm moze wyrazić ministrowi wotum nieufności wniosek wyrażenie wotum nieufności moze zgłoszony najmniej posłów przepis stosuje odpowiednio prezydent odwołuje ministra któremu sejm wyraził wotum nieufności większością głosów ustawa liczby posłów
Art. 160.,prezes rady ministrów moze zwrócić wyrażenie radzie ministrów wotum zaufania udzielenie wotum zaufania radzie ministrów następuje większością głosów obecności najmniej połowy ustawa liczby posłów
Art. 161.,prezydent wniosek prezesa rady ministrów dokonuje zmian składzie rady ministrów
Art. 162.,prezes rady ministrów składa dymisję rady ministrów pierwszym posiedzeniu nowo wybranego prezes rady ministrów składa dymisję rady ministrów nieuchwalenia sejm wotum zaufania rady ministrów wyrażenia radzie ministrów wotum nieufności ©kancelaria rezygnacji prezesa rady ministrów prezydent przyjmując dymisję rady ministrów powierza dalsze sprawowanie obowiazek czasu powołania nowej rady ministrów prezydent przypadku określonym moze odmówić przyjęcia dymisji rady ministrów rozdział samorząd terytorialny
Art. 163.,samorząd terytorialny wykonuje zadania publiczne nie zastrzeżone konstytucję ustawa organów władz publicznych
Art. 164.,podstawową jednostką samorządu terytorialnego gmina jednostki samorządu regionalnego lokalnego regionalnego określa ustawa gmina wykonuje zadania samorządu terytorialnego nie zastrzeżone jednostek samorządu terytorialnego
Art. 165.,jednostki samorządu terytorialnego osobowość prawną przysługują prawo wlasnosc prawo majątkowe samodzielność jednostek samorządu terytorialnego podlega ochrona sad
Art. 166.,zadania publiczne służące zaspokajaniu potrzeb wspólnoty samorządowej wykonywane jednostkę samorządu terytorialnego zadania wlasnosc wynika uzasadnionych potrzeb panstwo ustawa moze zlecić jednostkom samorządu terytorialnego wykonywanie zadań publicznych ustawa określa tryb przekazywania wykonywania zadań zleconych spory kompetencyjne organami samorządu terytorialnego administracji rządowej rozstrzygają sad administracyjne
Art. 167.,jednostkom samorządu terytorialnego zapewnia udział dochodach publicznych odpowiednio przypadających zadań dochodami jednostek samorządu terytorialnego dochody wlasnosc subwencje ogólne dotacje celowe budżetu panstwo ©kancelaria źródła dochodów jednostek samorządu terytorialnego określone ustawa zmiany zakresie zadań kompetencji jednostek samorządu terytorialnego następują wraz odpowiednimi zmianami podziale dochodów publicznych
Art. 168.,jednostki samorządu terytorialnego prawo ustalania wysokości podatków opłat lokalnych zakresie określonym ustawa
Art. 169.,jednostki samorządu terytorialnego wykonują zadania pośrednictwem organów stanowiących wykonawczych wybory organów stanowiących powszechne rownosc bezpośrednie odbywają głosowaniu tajnym zasady tryb zgłaszania kandydatów przeprowadzania wyborów warunki ważności wyborów określa ustawa zasady tryb wyborów odwoływania organów wykonawczych jednostek samorządu terytorialnego określa ustawa ustrój wewnętrzny jednostek samorządu terytorialnego określają granicach ustawa organy stanowiące
Art. 170.,członkowie wspólnoty samorządowej decydować drodze referendum sprawach dotyczących wspólnoty odwołaniu pochodzącego wyborów bezpośrednich organu samorządu terytorialnego zasady tryb przeprowadzania referendum lokalnego określa ustawa
Art. 171.,działalność samorządu terytorialnego podlega nadzorowi punktu widzenia legalności organami nadzoru działalnością jednostek samorządu terytorialnego prezes rady ministrów wojewodowie zakresie spraw finansowych regionalne izby obrachunkowe sejm wniosek prezesa rady ministrów moze rozwiązać organ stanowiący samorządu terytorialnego organ rażąco narusza konstytucję ustawa
Art. 172.,jednostki samorządu terytorialnego prawo zrzeszania jednostka samorządu terytorialnego prawo przystępowania międzynarodowych zrzeszeń społeczności lokalnych regionalnych współpracy społecznościami lokalnymi regionalnymi państw ©kancelaria zasady jakich jednostki samorządu terytorialnego korzystać prawo mowa określa ustawa rozdział sad trybunal
Art. 173.,sad trybunal władzą odrębną niezależną władz
Art. 174.,sad trybunal wydają wyroki imieniu sad
Art. 175.,wymiar sprawiedliwości sprawują sad najwyższy sad powszechne sad administracyjne sad wojskowe sad wyjątkowy tryb doraźny moze ustanowiony czas wojny
Art. 176.,postępowanie sad najmniej dwuinstancyjne ustrój właściwość sad postępowanie sad określają ustawa
Art. 177.,sad powszechne sprawują wymiar sprawiedliwości sprawach wyjątkiem spraw ustawowo zastrzeżonych właściwości sad
Art. 178.,sędziowie sprawowaniu swojego urzędu niezawiśli podlegają konstytucji ustawa sędziom zapewnia warunki pracy wynagrodzenie odpowiadające godnosc urzędu zakresowi obowiazek sędzia nie moze należeć partii politycznej związku zawodowego prowadzić działalności publicznej nie dającej pogodzić zasadami niezależności sad niezawisłości sędziów
Art. 179.,sędziowie powoływani prezydenta wniosek krajowej rady sądownictwa czas nieoznaczony
Art. 180.,sędziowie nieusuwalni złożenie sędziego urzędu zawieszenie urzędowaniu przeniesienie innej siedziby stanowisko wbrew woli moze nastąpić mocy orzeczenia sad przypadkach określonych ustawa ©kancelaria sędzia moze przeniesiony stan spoczynku skutek uniemożliwiających sprawowanie urzędu choroby utraty sił tryb postępowania odwołania sad określa ustawa ustawa określa granicę wieku osiągnięciu sędziowie przechodzą stan spoczynku zmiany ustroju sad zmiany granic okręgów sad wolnosc sędziego przenosić innego sad stan spoczynku pozostawieniem pełnego uposażenia
Art. 181.,sędzia nie moze uprzedniej zgody sad określonego ustawa pociągnięty odpowiedzialnosc karnej pozbawiony wolnosc sędzia nie moze zatrzymany aresztowany wyjątkiem ujęcia gorącym uczynku przestępstwa zatrzymanie niezbędne zapewnienia prawidłowego toku postępowania zatrzymaniu niezwłocznie powiadamia prezesa właściwego miejscowo sad moze nakazać natychmiastowe zwolnienie zatrzymanego
Art. 182.,udział obywatel sprawowaniu wymiaru sprawiedliwości określa ustawa
Art. 183.,sad najwyższy sprawuje nadzór działalnością sad powszechnych wojskowych zakresie orzekania sad najwyższy wykonuje czynności określone konstytucji ustawa pierwszego prezesa sad najwyższego powołuje prezydent sześcioletnią kadencję spośród kandydatów przedstawionych zgromadzenie ogólne sędziów sad najwyższego
Art. 184.,naczelny sad administracyjny sad administracyjne sprawują zakresie określonym ustawa kontrolę działalności administracji publicznej kontrola obejmuje orzekanie zgodności ustawa uchwał organów samorządu terytorialnego aktów normatywnych terenowych organów administracji rządowej
Art. 185.,prezesa naczelnego sad administracyjnego powołuje prezydent sześcioletnią kadencję spośród kandydatów przedstawionych zgromadzenie ogólne sędziów naczelnego sad administracyjnego ©kancelaria
Art. 186.,krajowa rada sądownictwa stoi straży niezależności sad niezawisłości sędziów krajowa rada sądownictwa moze wystąpić trybunal konstytucyjnego wnioskiem sprawie zgodności konstytucją aktów normatywnych zakresie jakim dotyczą niezależności sad niezawisłości sędziów
Art. 187.,krajowa rada sądownictwa składa pierwszego prezesa sad najwyższego ministra sprawiedliwości prezesa naczelnego sad administracyjnego osoby powołanej prezydenta piętnastu członków wybranych spośród sędziów sad najwyższego sad powszechnych sad administracyjnych sad wojskowych czterech członków wybranych sejm spośród posłów dwóch członków wybranych senat spośród senatorów krajowa rada sądownictwa wybiera spośród swoich członków przewodniczącego dwóch wiceprzewodniczących kadencja wybranych członków krajowej rady sądownictwa trwa cztery lata ustrój zakres działania tryb pracy krajowej rady sądownictwa wyboru członków określa ustawa trybunal konstytucyjny
Art. 188.,trybunal konstytucyjny orzeka sprawach zgodności ustawa umów międzynarodowych konstytucją zgodności ustawa ratyfikowanymi umowami międzynarodowymi ratyfikacja wymagała uprzedniej zgody wyrażonej ustawa zgodności przepisów prawo wydawanych centralne organy panstwo konstytucją ratyfikowanymi umowami międzynarodowymi ustawa zgodności konstytucją celów działalności partii politycznych skargi konstytucyjnej mowa
Art. 189.,trybunal konstytucyjny rozstrzyga spory kompetencyjne pomiędzy centralnymi konstytucyjnymi organami panstwo
Art. 190.,orzeczenia trybunal konstytucyjnego moc powszechnie obowiązującą ostateczne ©kancelaria orzeczenia trybunal konstytucyjnego sprawach wymienionych podlegają niezwłocznemu ogłoszeniu organie urzędowym akt normatywny ogłoszony akt nie ogłoszony orzeczenie ogłasza dzienniku urzędowym monitor orzeczenie trybunal konstytucyjnego wchodzi życie dniem ogłoszenia trybunal konstytucyjny moze określić termin utraty mocy obowiązującej aktu normatywnego termin nie moze przekroczyć osiemnastu miesięcy chodzi ustawę chodzi akt normatywny dwunastu miesięcy przypadku orzeczeń wiążą nakładami finansowymi nie przewidzianymi ustawa budżetowej trybunal konstytucyjny określa termin utraty mocy obowiązującej aktu normatywnego zapoznaniu opinią rady ministrów orzeczenie trybunal konstytucyjnego niezgodności konstytucją umową międzynarodową ustawa aktu normatywnego zostało wydane prawomocne orzeczenie sad ostateczna decyzja administracyjna rozstrzygnięcie sprawach stanowi podstawę wznowienia postępowania uchylenia decyzji innego rozstrzygnięcia zasadach trybie określonych przepisach właściwych danego postępowania orzeczenia trybunal konstytucyjnego zapadają większością głosów
Art. 191.,wnioskiem sprawach mowa trybunal konstytucyjnego wystąpić prezydent marszałek marszałek senatu prezes rady ministrów posłów senatorów pierwszy prezes sad najwyższego prezes naczelnego sad administracyjnego prokurator generalny prezes najwyższej izby kontroli rzecznik prawo obywatel krajowa rada sądownictwa zakresie mowa organy stanowiące jednostek samorządu terytorialnego ogólnokrajowe organy związków zawodowych ogólnokrajowe władze organizacji pracodawców organizacji zawodowych kościoły związki wyznaniowe podmioty określone zakresie wskazanym podmioty mowa wystąpić takim wnioskiem akt normatywny dotyczy spraw objętych zakresem działania ©kancelaria
Art. 192.,wnioskiem sprawach mowa trybunal konstytucyjnego wystąpić prezydent marszałek marszałek senatu prezes rady ministrów pierwszy prezes sad najwyższego prezes naczelnego sad administracyjnego prezes najwyższej izby kontroli
Art. 193.,sad moze przedstawić trybunal konstytucyjnemu pytanie prawo zgodności aktu normatywnego konstytucją ratyfikowanymi umowami międzynarodowymi ustawa odpowiedzi pytanie prawo zależy rozstrzygnięcie sprawy toczącej sad
Art. 194.,trybunal konstytucyjny składa sędziów wybieranych indywidualnie sejm spośród osób wyróżniających wiedzą prawniczą ponowny wybór składu trybunal niedopuszczalny prezesa wiceprezesa trybunal konstytucyjnego powołuje prezydent spośród kandydatów przedstawionych zgromadzenie ogólne sędziów trybunal konstytucyjnego
Art. 195.,sędziowie trybunal konstytucyjnego sprawowaniu swojego urzędu niezawiśli podlegają konstytucji sędziom trybunal konstytucyjnego zapewnia warunki pracy wynagrodzenie odpowiadające godnosc urzędu zakresowi obowiazek sędziowie trybunal konstytucyjnego okresie zajmowania stanowiska nie należeć partii politycznej związku zawodowego prowadzić działalności publicznej nie dającej pogodzić zasadami niezależności sad niezawisłości sędziów
Art. 196.,sędzia trybunal konstytucyjnego nie moze uprzedniej zgody trybunal konstytucyjnego pociągnięty odpowiedzialnosc karnej pozbawiony wolnosc sędzia nie moze zatrzymany aresztowany wyjątkiem ujęcia gorącym uczynku przestępstwa zatrzymanie niezbędne zapewnienia prawidłowego toku postępowania zatrzymaniu niezwłocznie powiadamia prezesa trybunal konstytucyjnego moze nakazać natychmiastowe zwolnienie zatrzymanego
Art. 197.,organizację trybunal konstytucyjnego tryb postępowania trybunal określa ustawa ©kancelaria trybunal stanu
Art. 198.,naruszenie konstytucji ustawa związku zajmowanym stanowiskiem zakresie swojego urzędowania odpowiedzialnosc konstytucyjną trybunal stanu ponoszą prezydent prezes rady ministrów członkowie rady ministrów prezes narodowego banku polskiego prezes najwyższej izby kontroli członkowie krajowej rady radiofonii telewizji osoby prezes rady ministrów powierzył kierowanie ministerstwem naczelny dowódca sił zbrojnych odpowiedzialnosc konstytucyjną trybunal stanu ponoszą posłowie senatorowie zakresie określonym rodzaje kara orzekanych trybunal stanu określa ustawa
Art. 199.,trybunal stanu składa przewodniczącego zastępców przewodniczącego członków wybieranych sejm spoza grona posłów senatorów czas kadencji zastępcy przewodniczącego trybunal najmniej połowa członków trybunal stanu mieć kwalifikacje wymagane zajmowania stanowiska sędziego przewodniczącym trybunal stanu pierwszy prezes sad najwyższego członkowie trybunal stanu sprawowaniu funkcji sędziego trybunal stanu niezawiśli podlegają konstytucji ustawa
Art. 200.,członek trybunal stanu nie moze uprzedniej zgody trybunal stanu pociągnięty odpowiedzialnosc karnej pozbawiony wolnosc członek trybunal stanu nie moze zatrzymany aresztowany wyjątkiem ujęcia gorącym uczynku przestępstwa zatrzymanie niezbędne zapewnienia prawidłowego toku postępowania zatrzymaniu niezwłocznie powiadamia przewodniczącego trybunal stanu moze nakazać natychmiastowe zwolnienie zatrzymanego
Art. 201.,organizację trybunal stanu tryb postępowania trybunal określa ustawa ©kancelaria rozdział organy kontroli panstwo ochrona prawo najwyższa izba kontroli
Art. 202.,najwyższa izba kontroli naczelnym organem kontroli panstwo najwyższa izba kontroli podlega sejmowi najwyższa izba kontroli działa zasadach kolegialności
Art. 203.,najwyższa izba kontroli kontroluje działalność organów administracji rządowej narodowego banku polskiego panstwo osób prawo panstwo jednostek organizacyjnych punktu widzenia legalności gospodarności celowości rzetelności najwyższa izba kontroli moze kontrolować działalność organów samorządu terytorialnego komunalnych osób prawo komunalnych jednostek organizacyjnych punktu widzenia legalności gospodarności rzetelności najwyższa izba kontroli moze kontrolować punktu widzenia legalności gospodarności działalność jednostek organizacyjnych podmiotów gospodarczych zakresie jakim wykorzystują majątek środki panstwo komunalne wywiązują zobowiązań finansowych rzecz panstwo
Art. 204.,najwyższa izba kontroli przedkłada sejmowi analizę wykonania budżetu panstwo założeń polityki pieniężnej opinię przedmiocie absolutorium rady ministrów informacje wynikach kontroli wnioski wystąpienia określone ustawa najwyższa izba kontroli przedstawia sejmowi coroczne sprawozdanie swojej działalności
Art. 205.,prezes najwyższej izby kontroli powoływany sejm zgodą senatu moze ponownie powołany prezes najwyższej izby kontroli nie moze zajmować innego stanowiska wyjątkiem stanowiska profesora szkoły wyższej wykonywać zajęć zawodowych ©kancelaria prezes najwyższej izby kontroli nie moze należeć partii politycznej związku zawodowego prowadzić działalności publicznej nie dającej pogodzić godnosc urzędu
Art. 206.,prezes najwyższej izby kontroli nie moze uprzedniej zgody pociągnięty odpowiedzialnosc karnej pozbawiony wolnosc prezes najwyższej izby kontroli nie moze zatrzymany aresztowany wyjątkiem ujęcia gorącym uczynku przestępstwa zatrzymanie niezbędne zapewnienia prawidłowego toku postępowania zatrzymaniu niezwłocznie powiadamia marszałka moze nakazać natychmiastowe zwolnienie zatrzymanego
Art. 207.,organizację tryb działania najwyższej izby kontroli określa ustawa rzecznik prawo obywatel
Art. 208.,rzecznik prawo obywatel stoi straży wolnosc prawo czlowiek obywatel określonych konstytucji aktach normatywnych zakres działania rzecznika prawo obywatel określa ustawa
Art. 209.,rzecznik prawo obywatel powoływany sejm zgodą senatu rzecznik prawo obywatel nie moze zajmować innego stanowiska wyjątkiem stanowiska profesora szkoły wyższej wykonywać zajęć zawodowych rzecznik prawo obywatel nie moze należeć partii politycznej związku zawodowego prowadzić działalności publicznej nie dającej pogodzić godnosc urzędu
Art. 210.,rzecznik prawo obywatel swojej działalności niezawisły niezależny organów panstwo odpowiedzialnosc sejmem zasadach określonych ustawa
Art. 211.,rzecznik prawo obywatel nie moze uprzedniej zgody pociągnięty odpowiedzialnosc karnej pozbawiony wolnosc rzecznik prawo obywatel nie moze zatrzymany aresztowany wyjątkiem ujęcia ©kancelaria gorącym uczynku przestępstwa zatrzymanie niezbędne zapewnienia prawidłowego toku postępowania zatrzymaniu niezwłocznie powiadamia marszałka moze nakazać natychmiastowe zwolnienie zatrzymanego
Art. 212.,rzecznik prawo obywatel corocznie informuje sejm senat swojej działalności stanie przestrzegania wolnosc prawo czlowiek obywatel krajowa rada radiofonii telewizji
Art. 213.,krajowa rada radiofonii telewizji stoi straży wolnosc słowa prawo informacji interesu publicznego radiofonii telewizji krajowa rada radiofonii telewizji wydaje rozporządzenia sprawach indywidualnych podejmuje uchwały
Art. 214.,członkowie krajowej rady radiofonii telewizji powoływani sejm senat prezydenta członek krajowej rady radiofonii telewizji nie moze należeć partii politycznej związku zawodowego prowadzić działalności publicznej nie dającej pogodzić godnosc pełnionej funkcji
Art. 215.,zasady tryb działania krajowej rady radiofonii telewizji organizację szczegółowe zasady powoływania członków określa ustawa rozdział finanse publiczne
Art. 216.,środki finansowe cele publiczne gromadzone wydatkowane określony ustawa nabywanie zbywanie obciążanie nieruchomości udziałów akcji emisja papierów wartościowych skarb panstwo narodowy bank panstwo osoby prawo następuje zasadach trybie określonych ustawa ustanowienie monopolu następuje drodze ustawa zaciąganie pożyczek udzielanie gwarancji poręczeń finansowych panstwo następuje zasadach trybie określonych ustawa ©kancelaria nie wolnosc zaciągać pożyczek udzielać gwarancji poręczeń finansowych następstwie panstwo dług publiczny przekroczy wartości rocznego produktu krajowego brutto obliczania wartości rocznego produktu krajowego brutto panstwo długu publicznego określa ustawa
Art. 217.,nakładanie podatków danin publicznych określanie podmiotów przedmiotów opodatkowania stawek podatkowych zasad przyznawania ulg umorzeń kategorii podmiotów zwolnionych podatków następuje drodze ustawa
Art. 218.,organizację skarbu panstwo zarządzania majątkiem skarbu panstwo określa ustawa
Art. 219.,sejm uchwala budżet panstwo rok budżetowy formie ustawa budżetowej zasady tryb opracowania projektu budżetu panstwo stopień szczegółowości wymagania musi odpowiadać projekt ustawa budżetowej zasady tryb wykonywania ustawa budżetowej określa ustawa wyjątkowych przypadkach dochody wydatki panstwo okresie krótszym rok moze określać ustawa prowizorium budżetowym przepisy dotyczące projektu ustawa budżetowej stosuje odpowiednio projektu ustawa prowizorium budżetowym ustawa budżetowa ustawa prowizorium budżetowym nie weszły życie dniu rozpoczęcia budżetowego rada ministrów prowadzi gospodarkę finansową przedłożonego projektu ustawa
Art. 220.,zwiększenie wydatków ograniczenie dochodów planowanych radę ministrów nie moze powodować ustalenia sejm większego deficytu budżetowego przewidziany projekcie ustawa budżetowej ustawa budżetowa nie moze przewidywać pokrywania deficytu budżetowego zaciąganie zobowiązania centralnym banku panstwo
Art. 221.,inicjatywa ustawodawcza zakresie ustawa budżetowej ustawa prowizorium budżetowym zmiany ustawa budżetowej ustawa zaciąganiu długu publicznego ustawa udzielaniu gwarancji finansowych panstwo przysługuje wyłącznie radzie ministrów ©kancelaria
Art. 222.,rada ministrów przedkłada sejmowi najpóźniej miesiące rozpoczęciem budżetowego projekt ustawa budżetowej rok następny wyjątkowych przypadkach późniejsze przedłożenie projektu
Art. 223.,senat moze uchwalić poprawki ustawa budżetowej ciągu dni przekazania senatowi
Art. 224.,prezydent podpisuje ciągu dni ustawę budżetową ustawę prowizorium budżetowym przedstawioną marszałka ustawa budżetowej ustawa prowizorium budżetowym nie stosuje przepisu przypadku zwrócenia prezydenta trybunal konstytucyjnego sprawie zgodności konstytucją ustawa budżetowej ustawa prowizorium budżetowym podpisaniem trybunal orzeka sprawie nie później ciągu miesięcy złożenia wniosku trybunale
Art. 225.,ciągu miesięcy przedłożenia sejmowi projektu ustawa budżetowej nie zostanie przedstawiona prezydentowi podpisu prezydent moze ciągu dni zarządzić skrócenie kadencji
Art. 226.,rada ministrów ciągu miesięcy zakończenia budżetowego przedkłada sejmowi sprawozdanie wykonania ustawa budżetowej wraz informacją stanie zadłużenia panstwo sejm rozpatruje przedłożone sprawozdanie zapoznaniu opinią najwyższej izby kontroli podejmuje ciągu dni przedłożenia sejmowi sprawozdania uchwałę udzieleniu odmowie udzielenia radzie ministrów absolutorium
Art. 227.,centralnym bankiem panstwo narodowy bank przysługuje wyłączne prawo emisji pieniądza ustalania realizowania polityki pieniężnej narodowy bank odpowiedzialnosc wartość polskiego pieniądza organami narodowego banku polskiego prezes narodowego banku polskiego rada polityki pieniężnej zarząd narodowego banku polskiego prezes narodowego banku polskiego powoływany sejm wniosek prezydenta ©kancelaria prezes narodowego banku polskiego nie moze należeć partii politycznej związku zawodowego prowadzić działalności publicznej nie dającej pogodzić godnosc urzędu skład rady polityki pieniężnej wchodzą prezes narodowego banku polskiego przewodniczący osoby wyróżniające wiedzą zakresu finansów powoływane rownosc liczbie prezydenta sejm senat rada polityki pieniężnej ustala corocznie założenia polityki pieniężnej przedkłada wiadomości sejmowi równocześnie przedłożeniem radę ministrów projektu ustawa budżetowej rada polityki pieniężnej ciągu miesięcy zakończenia budżetowego składa sejmowi sprawozdanie wykonania założeń polityki pieniężnej organizację zasady działania narodowego banku polskiego szczegółowe zasady powoływania odwoływania organów określa ustawa rozdział stany nadzwyczajne
Art. 228.,sytuacjach szczególnych zagrożeń zwykłe środki konstytucyjne niewystarczające moze zostać wprowadzony odpowiedni stan nadzwyczajny stan wojenny stan wyjątkowy stan klęski żywiołowej stan nadzwyczajny moze wprowadzony ustawa drodze rozporządzenia podlega dodatkowemu podaniu publicznej wiadomości zasady działania organów władzy publicznej zakres jakim zostać ograniczenie wolnosc prawo czlowiek obywatel czasie poszczególnych stanów nadzwyczajnych określa ustawa ustawa moze określić podstawy zakres tryb wyrównywania strat majątkowych wynikających ograniczenie czasie stanu nadzwyczajnego wolnosc prawo czlowiek obywatel działania podjęte wyniku wprowadzenia stanu nadzwyczajnego musi odpowiadać stopniowi zagrożenia musi zmierzać najszybszego przywrócenia normalnego funkcjonowania panstwo ©kancelaria czasie stanu nadzwyczajnego nie zmienione ordynacje wyborcze senatu organów samorządu terytorialnego ustawa wyborze prezydenta ustawa stanach nadzwyczajnych czasie stanu nadzwyczajnego ciągu dni zakończeniu nie moze skrócona kadencja przeprowadzane referendum ogólnokrajowe nie przeprowadzane wybory senatu organów samorządu terytorialnego wybory prezydenta kadencje organów ulegają odpowiedniemu przedłużeniu wybory organów samorządu terytorialnego nie wprowadzony stan nadzwyczajny
Art. 229.,zewnętrznego zagrożenia panstwo zbrojnej napaści terytorium umowy międzynarodowej wynika zobowiązanie wspólnej obrony przeciwko agresji prezydent wniosek rady ministrów moze wprowadzić stan wojenny części całym terytorium panstwo
Art. 230.,zagrożenia konstytucyjnego ustroju panstwo bezpieczeństwa obywatel porządku publicznego prezydent wniosek rady ministrów moze wprowadzić czas oznaczony nie dłuższy dni stan wyjątkowy części całym terytorium panstwo przedłużenie stanu wyjątkowego moze nastąpić zgodą czas nie dłuższy dni
Art. 231.,rozporządzenie wprowadzeniu stanu wojennego wyjątkowego prezydent przedstawia sejmowi ciągu godzin podpisania rozporządzenia sejm niezwłocznie rozpatruje rozporządzenie prezydenta sejm moze uchylić bezwzględną większością głosów obecności najmniej połowy ustawa liczby posłów
Art. 232.,celu zapobieżenia skutkom katastrof naturalnych awarii technicznych noszących znamiona klęski żywiołowej celu usunięcia rada ministrów moze wprowadzić czas oznaczony nie dłuższy dni stan klęski żywiołowej części całym terytorium panstwo przedłużenie stanu moze nastąpić zgodą
Art. 233.,ustawa określająca zakres ograniczenie wolnosc prawo czlowiek obywatel czasie stanu wojennego wyjątkowego nie moze ograniczenie wolnosc ©kancelaria prawo określonych godnosc czlowiek obywatel ochrona życia humanitarne traktowanie ponoszenie odpowiedzialnosc karnej dostęp sad dobra osobiste sumienie religia petycje rodzina dziecko niedopuszczalne ograniczenie wolnosc prawo czlowiek obywatel wyłącznie powodu rasy płci języka wyznania braku pochodzenia społecznego urodzenia majątku ustawa określająca zakres ograniczenie wolnosc prawo czlowiek obywatel stanie klęski żywiołowej moze ograniczenie wolnosc prawo określone wolnosc działalności gospodarczej wolnosc osobista nienaruszalność mieszkania wolnosc poruszania pobytu terytorium prawo strajku prawo wlasnosc wolnosc pracy prawo bezpiecznych higienicznych warunków pracy prawo wypoczynku
Art. 234.,czasie stanu wojennego sejm nie moze zebrać posiedzenie prezydent wniosek rady ministrów wydaje rozporządzenia mocą ustawa zakresie granicach określonych rozporządzenia podlegają zatwierdzeniu sejm najbliższym posiedzeniu rozporządzenia mowa charakter źródeł powszechnie obowiązującego prawo rozdział zmiana konstytucji
Art. 235.,projekt ustawa zmianie konstytucji moze przedłożyć najmniej ustawa liczby posłów senat prezydent zmiana konstytucji następuje drodze ustawa uchwalonej jednakowym brzmieniu sejm następnie terminie nie dłuższym dni senat pierwsze czytanie projektu ustawa zmianie konstytucji moze odbyć nie wcześniej trzydziestego przedłożenia sejmowi projektu ustawa ©kancelaria ustawę zmianie konstytucji uchwala sejm większością najmniej głosów obecności najmniej połowy ustawa liczby posłów senat bezwzględną większością głosów obecności najmniej połowy ustawa liczby senatorów uchwalenie sejm ustawa zmieniającej przepisy rozdziałów konstytucji moze odbyć nie wcześniej sześćdziesiątego pierwszym czytaniu projektu ustawa ustawa zmianie konstytucji dotyczy przepisów rozdziału podmioty określone zażądać terminie dni uchwalenia ustawa senat przeprowadzenia referendum zatwierdzającego wnioskiem sprawie podmioty zwracają marszałka zarządza niezwłocznie przeprowadzenie referendum ciągu dni złożenia wniosku zmiana konstytucji zostaje przyjęta tą zmianą opowiedziała większość głosujących zakończeniu postępowania określonego marszałek przedstawia prezydentowi uchwaloną ustawę podpisu prezydent podpisuje ustawę ciągu dni przedstawienia zarządza ogłoszenie dzienniku ustawa rozdział przepisy przejściowe końcowe
Art. 236.,okresie wejścia życie konstytucji rada ministrów przedstawi sejmowi projekty ustawa niezbędnych stosowania konstytucji ustawa wprowadzające życie zakresie dotyczącym postępowania sad administracyjnymi zostaną uchwalone upływem wejścia życie konstytucji czasu wejścia życie ustawa obowiazany przepisy dotyczące rewizji nadzwyczajnej orzeczeń naczelnego sad administracyjnego
Art. 237.,okresie wejścia życie konstytucji sprawach wykroczenia orzekają kolegia spraw wykroczeń sądach rejonowych czym kara aresztu orzeka sad odwołanie orzeczenia kolegium rozpoznaje sad ©kancelaria
Art. 238.,kadencja konstytucyjnych organów władzy publicznej osób wchodzących skład wybranych powołanych wejściem życie konstytucji kończy upływem okresu ustalonego przepisach obowiązujących dniem wejścia życie konstytucji przypadku przepisy obowiązujące dniem wejścia życie konstytucji nie ustalały kadencji wyboru powołania upłynął okres dłuższy ustalony konstytucję kadencja konstytucyjna organów władzy publicznej osób wchodzących skład upływa wejścia życie konstytucji przypadku przepisy obowiązujące dniem wejścia życie konstytucji nie ustalały kadencji wyboru powołania upłynął okres krótszy ustalony konstytucję konstytucyjnych organów władzy publicznej osób wchodzących skład czas organy osoby pełniły funkcje przepisów dotychczasowych wlicza kadencji ustalonej konstytucji
Art. 239.,okresie wejścia życie konstytucji orzeczenia trybunal konstytucyjnego niezgodności konstytucją ustawa uchwalonych dniem wejścia życie nie ostateczne podlegają rozpatrzeniu sejm moze odrzucić orzeczenie trybunal konstytucyjnego większością głosów obecności najmniej połowy ustawa liczby posłów nie dotyczy orzeczeń wydanych następstwie pytań prawo trybunal konstytucyjnego postępowanie sprawach ustalenie trybunal konstytucyjny powszechnie obowiązującej wykładni ustawa wszczęte wejściem życie konstytucji podlega umorzeniu dniem wejścia życie konstytucji uchwały trybunal konstytucyjnego sprawie ustalenia wykładni ustawa tracą moc powszechnie obowiązującą mocy pozostają prawomocne wyroki sad prawomocne decyzje organów władzy publicznej podjęte uwzględnieniem znaczenia przepisów ustalonego trybunal konstytucyjny drodze powszechnie obowiązującej wykładni ustawa
Art. 240.,okresie wejścia życie konstytucji ustawa budżetowa moze przewidywać pokrywanie deficytu budżetowego zaciąganie zobowiązań centralnym banku panstwo ©kancelaria
Art. 241.,umowy międzynarodowe ratyfikowane dotychczas rzeczpospolitą polską obowiązujących czasie ratyfikacji przepisów konstytucyjnych ogłoszone dzienniku ustawa uznaje umowy ratyfikowane uprzednią zgodą wyrażoną ustawa stosuje przepisy konstytucji treści umowy międzynarodowej wynika dotyczą kategorii spraw wymienionych konstytucji rada ministrów ciągu wejścia życie konstytucji przedstawi sejmowi wykaz umów międzynarodowych zawierających postanowienia niezgodne konstytucją senatorowie wybrani dniem wejścia życie konstytucji nie ukończyli zachowują mandaty końca kadencji którą zostali wybrani połączenie mandatu posła senatora funkcją zatrudnieniem dotyczy zakaz określony powoduje wygaśnięcie mandatu upływie miesiąca wejścia życie konstytucji chyba poseł senator wcześniej zrzeknie funkcji ustanie zatrudnienie sprawy będące przedmiotem postępowania ustawodawczego trybunal konstytucyjnym bądź trybunal stanu rozpoczęte wejściem życie konstytucji prowadzone zgodnie przepisami konstytucyjnymi obowiązującymi dniu rozpoczęcia sprawy okresie wejścia życie konstytucji rada ministrów ustali uchwał rady ministrów zarządzeń ministrów organów administracji rządowej podjęte wydane dniem wejścia życie konstytucji wymagają stosownie warunków określonych konstytucji zastąpienia rozporządzenia wydane upoważnienia ustawa projekt odpowiednim czasie rada ministrów przedstawi sejmowi samym okresie rada ministrów przedstawi sejmowi projekt ustawa określającej akty normatywne organów administracji rządowej wydane dniem wejścia życie konstytucji stają uchwałami zarządzeniami rozumieniu konstytucji obowiązujące dniu wejścia życie konstytucji akty prawo miejscowego przepisy gminne stają aktami prawo miejscowego rozumieniu konstytucji ©kancelaria
Art. 242.,tracą moc ustawa konstytucyjna października wzajemnych stosunkach władzą ustawodawczą wykonawczą samorządzie terytorialnym ustawa konstytucyjna kwietnia trybie przygotowania uchwalenia konstytucji
Art. 243.,wchodzi życie upływie miesięcy ogłoszenia
